<?xml version="1.0" encoding="UTF-8"?>
<metadata xml:lang="en"><Esri><CreaDate>20210921</CreaDate><CreaTime>23002000</CreaTime><ArcGISFormat>1.0</ArcGISFormat><SyncOnce>TRUE</SyncOnce><DataProperties><lineage><Process ToolSource="c:\arcgis\desktop10.7\ArcToolbox\Toolboxes\Data Management Tools.tbx\CalculateField" Date="20210921" Time="220438">CalculateField 0 PointID "TransA_Edge" VB #</Process><Process ToolSource="c:\arcgis\desktop10.7\ArcToolbox\Toolboxes\Data Management Tools.tbx\CalculateField" Date="20210921" Time="220708">CalculateField 0 Transect "A" VB #</Process><Process ToolSource="c:\arcgis\desktop10.7\ArcToolbox\Toolboxes\Data Management Tools.tbx\CalculateField" Date="20210921" Time="220721">CalculateField 0 Transect "A" VB #</Process><Process ToolSource="c:\arcgis\desktop10.7\ArcToolbox\Toolboxes\Data Management Tools.tbx\CalculateField" Date="20210921" Time="220916">CalculateField 0 Transect "B" VB #</Process><Process ToolSource="c:\arcgis\desktop10.7\ArcToolbox\Toolboxes\Data Management Tools.tbx\CalculateField" Date="20210921" Time="220957">CalculateField 0 Transect "C" VB #</Process><Process ToolSource="c:\arcgis\desktop10.7\ArcToolbox\Toolboxes\Data Management Tools.tbx\CalculateField" Date="20210921" Time="221534">CalculateField 0 PlotNumber 1 VB #</Process><Process ToolSource="c:\arcgis\desktop10.7\ArcToolbox\Toolboxes\Data Management Tools.tbx\CalculateField" Date="20210921" Time="221545">CalculateField 0 Distance 0.5 VB #</Process><Process ToolSource="c:\arcgis\desktop10.7\ArcToolbox\Toolboxes\Data Management Tools.tbx\CalculateField" Date="20210921" Time="221556">CalculateField 0 PlotNumber 2 VB #</Process><Process ToolSource="c:\arcgis\desktop10.7\ArcToolbox\Toolboxes\Data Management Tools.tbx\CalculateField" Date="20210921" Time="221604">CalculateField 0 Distance 6 VB #</Process><Process ToolSource="c:\arcgis\desktop10.7\ArcToolbox\Toolboxes\Data Management Tools.tbx\CalculateField" Date="20210921" Time="221620">CalculateField 0 PlotNumber 3 VB #</Process><Process ToolSource="c:\arcgis\desktop10.7\ArcToolbox\Toolboxes\Data Management Tools.tbx\CalculateField" Date="20210921" Time="221634">CalculateField 0 PlotNumber 4 VB #</Process><Process ToolSource="c:\arcgis\desktop10.7\ArcToolbox\Toolboxes\Data Management Tools.tbx\CalculateField" Date="20210921" Time="221701">CalculateField 0 PlotNumber 7 VB #</Process><Process ToolSource="c:\arcgis\desktop10.7\ArcToolbox\Toolboxes\Data Management Tools.tbx\CalculateField" Date="20210921" Time="221711">CalculateField 0 PlotNumber 6 VB #</Process><Process ToolSource="c:\arcgis\desktop10.7\ArcToolbox\Toolboxes\Data Management Tools.tbx\CalculateField" Date="20210921" Time="221947">CalculateField 0 PlotNumber 5 VB #</Process><Process ToolSource="c:\arcgis\desktop10.7\ArcToolbox\Toolboxes\Data Management Tools.tbx\CalculateField" Date="20210921" Time="222006">CalculateField 0 PlotNumber 4 VB #</Process><Process ToolSource="c:\arcgis\desktop10.7\ArcToolbox\Toolboxes\Data Management Tools.tbx\CalculateField" Date="20210921" Time="222100">CalculateField 0 PlotNumber 3 VB #</Process><Process ToolSource="c:\arcgis\desktop10.7\ArcToolbox\Toolboxes\Data Management Tools.tbx\CalculateField" Date="20210921" Time="222118">CalculateField 0 PlotNumber 2 VB #</Process><Process ToolSource="c:\arcgis\desktop10.7\ArcToolbox\Toolboxes\Data Management Tools.tbx\CalculateField" Date="20210921" Time="222133">CalculateField 0 PlotNumber 1 VB #</Process><Process ToolSource="c:\arcgis\desktop10.7\ArcToolbox\Toolboxes\Data Management Tools.tbx\CalculateField" Date="20210921" Time="222213">CalculateField 0 PlotNumber 2 VB #</Process><Process ToolSource="c:\arcgis\desktop10.7\ArcToolbox\Toolboxes\Data Management Tools.tbx\CalculateField" Date="20210921" Time="222225">CalculateField 0 PlotNumber 1 VB #</Process><Process ToolSource="c:\arcgis\desktop10.7\ArcToolbox\Toolboxes\Data Management Tools.tbx\CalculateField" Date="20210921" Time="222446">CalculateField 0 Transect "D" VB #</Process><Process ToolSource="c:\arcgis\desktop10.7\ArcToolbox\Toolboxes\Data Management Tools.tbx\CalculateField" Date="20210921" Time="222457">CalculateField 0 Transect "E" VB #</Process><Process ToolSource="c:\arcgis\desktop10.7\ArcToolbox\Toolboxes\Data Management Tools.tbx\CalculateField" Date="20210921" Time="222510">CalculateField 0 Transect "I" VB #</Process><Process ToolSource="c:\arcgis\desktop10.7\ArcToolbox\Toolboxes\Data Management Tools.tbx\CalculateField" Date="20210921" Time="222614">CalculateField 0 PlotNumber 6 VB #</Process><Process ToolSource="c:\arcgis\desktop10.7\ArcToolbox\Toolboxes\Data Management Tools.tbx\CalculateField" Date="20210921" Time="222629">CalculateField 0 PlotNumber 5 VB #</Process><Process ToolSource="c:\arcgis\desktop10.7\ArcToolbox\Toolboxes\Data Management Tools.tbx\CalculateField" Date="20210921" Time="222643">CalculateField 0 PlotNumber 4 VB #</Process><Process ToolSource="c:\arcgis\desktop10.7\ArcToolbox\Toolboxes\Data Management Tools.tbx\CalculateField" Date="20210921" Time="222658">CalculateField 0 PlotNumber 3 VB #</Process><Process ToolSource="c:\arcgis\desktop10.7\ArcToolbox\Toolboxes\Data Management Tools.tbx\CalculateField" Date="20210921" Time="222753">CalculateField 0 PlotNumber 2 VB #</Process><Process ToolSource="c:\arcgis\desktop10.7\ArcToolbox\Toolboxes\Data Management Tools.tbx\CalculateField" Date="20210921" Time="222805">CalculateField 0 PlotNumber 1 VB #</Process><Process ToolSource="c:\arcgis\desktop10.7\ArcToolbox\Toolboxes\Data Management Tools.tbx\CalculateField" Date="20210921" Time="222854">CalculateField 0 PlotNumber 1 VB #</Process><Process ToolSource="c:\arcgis\desktop10.7\ArcToolbox\Toolboxes\Data Management Tools.tbx\CalculateField" Date="20210921" Time="222904">CalculateField 0 PlotNumber 2 VB #</Process><Process ToolSource="c:\arcgis\desktop10.7\ArcToolbox\Toolboxes\Data Management Tools.tbx\CalculateField" Date="20210921" Time="222948">CalculateField 0 PlotNumber 1 VB #</Process><Process ToolSource="c:\arcgis\desktop10.7\ArcToolbox\Toolboxes\Data Management Tools.tbx\CalculateField" Date="20210921" Time="222957">CalculateField 0 PlotNumber 2 VB #</Process><Process ToolSource="c:\arcgis\desktop10.7\ArcToolbox\Toolboxes\Data Management Tools.tbx\CalculateField" Date="20210921" Time="223108">CalculateField 0 Transect "F" VB #</Process><Process ToolSource="c:\arcgis\desktop10.7\ArcToolbox\Toolboxes\Data Management Tools.tbx\CalculateField" Date="20210921" Time="223121">CalculateField 0 Transect "G" VB #</Process><Process ToolSource="c:\arcgis\desktop10.7\ArcToolbox\Toolboxes\Data Management Tools.tbx\CalculateField" Date="20210921" Time="223138">CalculateField 0 Transect "H" VB #</Process><Process ToolSource="c:\arcgis\desktop10.7\ArcToolbox\Toolboxes\Data Management Tools.tbx\CalculateField" Date="20210921" Time="223203">CalculateField 0 PlotNumber "6" VB #</Process><Process ToolSource="c:\arcgis\desktop10.7\ArcToolbox\Toolboxes\Data Management Tools.tbx\CalculateField" Date="20210921" Time="223219">CalculateField 0 PlotNumber "5" VB #</Process><Process ToolSource="c:\arcgis\desktop10.7\ArcToolbox\Toolboxes\Data Management Tools.tbx\CalculateField" Date="20210921" Time="223240">CalculateField 0 PlotNumber "4" VB #</Process><Process ToolSource="c:\arcgis\desktop10.7\ArcToolbox\Toolboxes\Data Management Tools.tbx\CalculateField" Date="20210921" Time="223300">CalculateField 0 PlotNumber "3" VB #</Process><Process ToolSource="c:\arcgis\desktop10.7\ArcToolbox\Toolboxes\Data Management Tools.tbx\CalculateField" Date="20210921" Time="223347">CalculateField 0 PlotNumber 2 VB #</Process><Process ToolSource="c:\arcgis\desktop10.7\ArcToolbox\Toolboxes\Data Management Tools.tbx\CalculateField" Date="20210921" Time="223407">CalculateField 0 PlotNumber 1 VB #</Process><Process ToolSource="c:\arcgis\desktop10.7\ArcToolbox\Toolboxes\Data Management Tools.tbx\CalculateField" Date="20210921" Time="223421">CalculateField 0 PlotNumber 1 VB #</Process><Process ToolSource="c:\arcgis\desktop10.7\ArcToolbox\Toolboxes\Data Management Tools.tbx\CalculateField" Date="20210921" Time="223516">CalculateField 0 PlotNumber 2 VB #</Process><Process ToolSource="c:\arcgis\desktop10.7\ArcToolbox\Toolboxes\Data Management Tools.tbx\CalculateField" Date="20210921" Time="223530">CalculateField 0 PlotNumber 1 VB #</Process></lineage></DataProperties></Esri></metadata>
