FID,Point_ID,Point_Role,Date_Time,Easting,Northing,Height,SD_E,SD_N,SD_H,CQ_1D,CQ_2D,CQ_3D,Transect,PlotNumber,Distance
0,70,Fixed RTK,06/16/2021 13:49:02,575523.476358160027303,4159958.153335980139673,2.172703660000000,0.004378550000000,0.006296410000000,0.018746000000000,0.018746000000000,0.007669190000000,0.020254110000000,A,6,48.0000000
1,42,Fixed RTK,06/15/2021 12:17:45,575620.187466209987178,4160409.702499450184405,2.085882990000000,0.006096330000000,0.006475240000000,0.018673640000000,0.018673640000000,0.008893470000000,0.020683300000000,G,6,30.0000000
2,204,Fixed RTK,06/16/2021 15:21:51,575725.453944339998998,4159935.457314800005406,2.184410060000000,0.004403620000000,0.005810040000000,0.012464910000000,0.012464910000000,0.007290300000000,0.014440300000000,D,3,6.0000000
3,166,Fixed RTK,06/16/2021 15:10:42,575759.250652830000035,4159998.260405799839646,1.904904120000000,0.003907540000000,0.005328440000000,0.011352420000000,0.011352420000000,0.006607660000000,0.013135390000000,I,2,2.0000000
4,190,Fixed RTK,06/16/2021 15:18:20,575743.111238789977506,4159957.366162400227040,2.065813460000000,0.004297010000000,0.005781730000000,0.012605220000000,0.012605220000000,0.007203660000000,0.014518410000000,E,1,0.5000000
5,194,Fixed RTK,06/16/2021 15:19:57,575702.447578369989060,4159943.370859980117530,2.132231920000000,0.004413230000000,0.005778950000000,0.012525750000000,0.012525750000000,0.007271370000000,0.014483340000000,D,6,30.0000000
6,26,Fixed RTK,06/15/2021 12:08:39,575617.485193719970994,4160379.850807719863951,1.873542940000000,0.012900200000000,0.015195930000000,0.036135710000000,0.036135710000000,0.019933180000000,0.041268890000000,G,0,0.0000000
7,175,Fixed RTK,06/16/2021 15:15:18,575714.797055430011824,4159965.605104329995811,2.132867580000000,0.003668180000000,0.005067040000000,0.011124200000000,0.011124200000000,0.006255430000000,0.012762380000000,E,6,30.0000000
8,78,Fixed RTK,06/16/2021 13:50:57,575492.070254310034215,4159940.710913360118866,2.254777530000000,0.004610340000000,0.006510840000000,0.018441440000000,0.018441440000000,0.007977860000000,0.020093110000000,A,4,12.0000000
9,71,Fixed RTK,06/16/2021 13:49:29,575502.472087829955854,4159946.661677840165794,2.218350730000000,0.006732610000000,0.009311470000000,0.025647060000000,0.025647060000000,0.011490490000000,0.028103440000000,A,5,24.0000000
10,61,Fixed RTK,06/15/2021 12:28:03,575581.858701620018110,4160441.835082860197872,2.089074940000000,0.004957820000000,0.006024570000000,0.014305670000000,0.014305670000000,0.007802270000000,0.016295020000000,H,6,30.0000000
11,58,Fixed RTK,06/15/2021 12:27:34,575577.305874409968965,4160445.766781960148364,2.092950520000000,0.005908870000000,0.007082220000000,0.019013990000000,0.019013990000000,0.009223480000000,0.021133010000000,H,5,24.0000000
12,116,Fixed RTK,06/16/2021 14:19:19,575539.932360069942661,4159885.239596489816904,2.267075470000000,0.006509810000000,0.007471810000000,0.019662340000000,0.019662340000000,0.009909870000000,0.022018470000000,C,5,24.0000000
13,28,Fixed RTK,06/15/2021 12:09:23,575617.530665960046463,4160380.413714820053428,1.949691450000000,0.005685410000000,0.006174320000000,0.017458410000000,0.017458410000000,0.008393220000000,0.019371170000000,G,1,0.5000000
14,82,Fixed RTK,06/16/2021 13:52:21,575483.018741609994322,4159936.196855419781059,2.320255290000000,0.003935720000000,0.004886620000000,0.012925030000000,0.012925030000000,0.006274470000000,0.014367510000000,A,2,2.0000000
15,77,Code RTK,06/16/2021 13:50:23,575492.072662240010686,4159940.711426919791847,2.219721480000000,0.016195190000000,0.019513250000000,0.049335910000000,0.049335910000000,0.025358460000000,0.055471460000000,A,4,12.0000000
16,67,Fixed RTK,06/16/2021 13:48:27,575523.476008119992912,4159958.178130350075662,2.175649730000000,0.005101700000000,0.006866220000000,0.019477130000000,0.019477130000000,0.008554080000000,0.021272770000000,A,6,48.0000000
17,79,Fixed RTK,06/16/2021 13:51:31,575486.683492179960012,4159937.969573140144348,2.237270030000000,0.004921090000000,0.006675840000000,0.019642040000000,0.019642040000000,0.008293610000000,0.021321210000000,A,3,6.0000000
18,158,Fixed RTK,06/16/2021 15:09:31,575749.157039180048741,4159998.360973869916052,2.173398230000000,0.004838220000000,0.006750680000000,0.014103630000000,0.014103630000000,0.008305420000000,0.016367420000000,I,4,12.0000000
19,51,Fixed RTK,06/15/2021 12:25:38,575560.733635970042087,4160460.309570929966867,2.149540190000000,0.005439340000000,0.006184990000000,0.016176890000000,0.016176890000000,0.008236540000000,0.018153020000000,H,2,2.0000000
20,177,Fixed RTK,06/16/2021 15:15:54,575720.591596479993314,4159963.915614760015160,2.145186470000000,0.004317840000000,0.005835840000000,0.012597610000000,0.012597610000000,0.007259530000000,0.014539620000000,E,5,24.0000000
21,17,Fixed RTK,06/15/2021 11:55:03,575655.837435989989899,4160398.625586419831961,2.138009670000000,0.005841050000000,0.005612140000000,0.014847810000000,0.014847810000000,0.008100240000000,0.016913640000000,F,5,24.0000000
22,89,Fixed RTK,06/16/2021 13:53:22,575481.012650209944695,4159934.800253820139915,2.131296500000000,0.004870010000000,0.006443130000000,0.016686420000000,0.016686420000000,0.008076560000000,0.018538270000000,A,0,0.0000000
23,87,Fixed RTK,06/16/2021 13:53:04,575481.457229239982553,4159935.074267399962991,2.166184020000000,0.003633810000000,0.004974510000000,0.012134760000000,0.012134760000000,0.006160380000000,0.013608920000000,A,1,0.5000000
24,30,Fixed RTK,06/15/2021 12:10:09,575617.677298060036264,4160381.902755769900978,2.209123250000000,0.005816530000000,0.005614920000000,0.015542800000000,0.015542800000000,0.008084510000000,0.017519650000000,G,2,2.0000000
25,164,Fixed RTK,06/16/2021 15:10:28,575759.238282929989509,4159998.242218569852412,1.905659550000000,0.004280750000000,0.005899180000000,0.012566180000000,0.012566180000000,0.007288700000000,0.014527010000000,I,2,2.0000000
26,202,Fixed RTK,06/16/2021 15:21:23,575719.701921439962462,4159937.489721269812435,2.143620750000000,0.004537100000000,0.005943460000000,0.012961610000000,0.012961610000000,0.007477300000000,0.014963740000000,D,4,12.0000000
27,109,Fixed RTK,06/16/2021 14:17:46,575580.874051369959489,4159910.124053390230983,2.227291610000000,0.004244970000000,0.004451950000000,0.012018240000000,0.012018240000000,0.006151400000000,0.013501030000000,C,7,75.0000000
28,38,Fixed RTK,06/15/2021 12:11:26,575618.623828939977102,4160391.869955989997834,2.155482030000000,0.005070060000000,0.005963290000000,0.015404760000000,0.015404760000000,0.007827280000000,0.017279270000000,G,4,12.0000000
29,112,Fixed RTK,06/16/2021 14:18:09,575580.875605680048466,4159910.125932760071009,2.224669220000000,0.004149760000000,0.004405860000000,0.012086410000000,0.012086410000000,0.006052450000000,0.013517150000000,C,7,75.0000000
30,6,Fixed RTK,06/15/2021 11:52:58,575658.789745499962009,4160375.484883170109242,2.196855660000000,0.005717820000000,0.005274900000000,0.013664630000000,0.013664630000000,0.007779330000000,0.015723870000000,F,1,0.5000000
31,187,Fixed RTK,06/16/2021 15:17:53,575741.627291879965924,4159957.771444899961352,2.092252030000000,0.004429480000000,0.006118730000000,0.012975770000000,0.012975770000000,0.007553750000000,0.015014320000000,E,2,2.0000000
32,119,Fixed RTK,06/16/2021 14:19:47,575539.951681350008585,4159885.243018549866974,2.268453910000000,0.006741410000000,0.007677530000000,0.020509690000000,0.020509690000000,0.010217190000000,0.022913710000000,C,5,24.0000000
33,22,Fixed RTK,06/15/2021 11:55:46,575655.484429829986766,4160404.566299810074270,2.143519470000000,0.005694670000000,0.005652930000000,0.015044210000000,0.015044210000000,0.008024020000000,0.017050310000000,F,6,30.0000000
34,144,Fixed RTK,06/16/2021 14:32:50,575514.765340090030804,4159907.105603190138936,2.270583770000000,0.008935840000000,0.009257540000000,0.026215040000000,0.026215040000000,0.012866680000000,0.029202390000000,B,4,12.0000000
35,14,Fixed RTK,06/15/2021 11:54:30,575656.917017039959319,4160386.778506679926068,2.174891380000000,0.006087810000000,0.005243280000000,0.015082020000000,0.015082020000000,0.008034520000000,0.017088620000000,F,4,12.0000000
36,198,Fixed RTK,06/16/2021 15:20:37,575708.430337560013868,4159941.467800599988550,2.126341610000000,0.006169160000000,0.007743300000000,0.017166340000000,0.017166340000000,0.009900360000000,0.019816670000000,D,5,24.0000000
37,209,Code RTK,06/16/2021 15:23:04,575730.692678399966098,4159933.939213590230793,1.991629820000000,0.019255330000000,0.028789630000000,0.058801960000000,0.058801960000000,0.034635390000000,0.068244270000000,D,1,0.5000000
38,197,Fixed RTK,06/16/2021 15:20:30,575708.444926899974234,4159941.447002139873803,2.129640890000000,0.005255160000000,0.006993230000000,0.015712190000000,0.015712190000000,0.008747690000000,0.017983190000000,D,5,24.0000000
39,21,Fixed RTK,06/15/2021 11:55:38,575655.489668949972838,4160404.560211840085685,2.143036490000000,0.005698720000000,0.005821470000000,0.015107840000000,0.015107840000000,0.008146470000000,0.017164260000000,F,6,30.0000000
40,27,Fixed RTK,06/15/2021 12:09:14,575617.534204520052299,4160380.414614330045879,1.945814800000000,0.008775340000000,0.009077300000000,0.025940470000000,0.025940470000000,0.012625530000000,0.028849820000000,G,1,0.5000000
41,25,Fixed RTK,06/15/2021 12:08:34,575617.486234029987827,4160379.853674420155585,1.883614510000000,0.010139110000000,0.011752770000000,0.029083670000000,0.029083670000000,0.015521900000000,0.032966490000000,G,0,0.0000000
42,143,Fixed RTK,06/16/2021 14:32:30,575514.765510039986111,4159907.103529970161617,2.256524400000000,0.008262980000000,0.008313740000000,0.023844570000000,0.023844570000000,0.011721560000000,0.026569880000000,B,4,12.0000000
43,176,Fixed RTK,06/16/2021 15:15:33,575720.598039550008252,4159963.945178399793804,2.142190200000000,0.004071570000000,0.005392280000000,0.011705140000000,0.011705140000000,0.006756800000000,0.013515350000000,E,5,24.0000000
44,15,Fixed RTK,06/15/2021 11:54:37,575656.925171489943750,4160386.772011510096490,2.180868620000000,0.005898730000000,0.005070970000000,0.014696690000000,0.014696690000000,0.007778800000000,0.016628360000000,F,4,12.0000000
45,74,Fixed RTK,06/16/2021 13:49:52,575502.471128060016781,4159946.619821839965880,2.224218670000000,0.005048800000000,0.006669280000000,0.018168490000000,0.018168490000000,0.008364790000000,0.020001590000000,A,5,24.0000000
46,173,Fixed RTK,06/16/2021 15:15:04,575714.796552330022678,4159965.605360880028456,2.129156780000000,0.004853080000000,0.006767330000000,0.015052740000000,0.015052740000000,0.008327620000000,0.017202740000000,E,6,30.0000000
47,188,Fixed RTK,06/16/2021 15:18:04,575743.111050199950114,4159957.376807900145650,2.066583310000000,0.003898160000000,0.005331680000000,0.011500700000000,0.011500700000000,0.006604730000000,0.013262300000000,E,1,0.5000000
48,1,Fixed RTK,06/15/2021 11:52:18,575659.034438350005075,4160374.843212729785591,2.115499300000000,0.011679140000000,0.008393090000000,0.021547090000000,0.021547090000000,0.014382150000000,0.025906050000000,F,0,0.0000000
49,139,Fixed RTK,06/16/2021 14:30:20,575545.525589989963919,4159925.303409520071000,2.204275790000000,0.003942500000000,0.004391430000000,0.011490520000000,0.011490520000000,0.005901520000000,0.012917430000000,B,6,48.0000000
50,163,Fixed RTK,06/16/2021 15:10:13,575755.269269990036264,4159998.275101509876549,2.178764100000000,0.004285850000000,0.005895630000000,0.012592480000000,0.012592480000000,0.007288830000000,0.014549830000000,I,3,6.0000000
51,23,Fixed RTK,06/15/2021 11:55:53,575655.490322679979727,4160404.562833230011165,2.142014750000000,0.005667490000000,0.005664860000000,0.015221410000000,0.015221410000000,0.008013180000000,0.017201810000000,F,6,30.0000000
52,148,Fixed RTK,06/16/2021 14:33:45,575509.572718529962003,4159904.381517480127513,2.300564030000000,0.005038840000000,0.005651790000000,0.014038920000000,0.014038920000000,0.007571830000000,0.015950680000000,B,3,6.0000000
53,18,Fixed RTK,06/15/2021 11:55:10,575655.841007529990748,4160398.627781730145216,2.136008830000000,0.005933470000000,0.005732480000000,0.015508860000000,0.015508860000000,0.008250300000000,0.017566790000000,F,5,24.0000000
54,174,Fixed RTK,06/16/2021 15:15:10,575714.793740140041336,4159965.618990899994969,2.125862610000000,0.007265770000000,0.010689690000000,0.023525000000000,0.023525000000000,0.012925210000000,0.026841880000000,E,6,30.0000000
55,46,Fixed RTK,06/15/2021 12:24:58,575559.232020720024593,4160461.614107850007713,2.173289050000000,0.005325860000000,0.006379560000000,0.016486940000000,0.016486940000000,0.008310450000000,0.018463010000000,H,1,0.5000000
56,31,Fixed RTK,06/15/2021 12:10:17,575617.701311939978041,4160381.912562930025160,2.207210600000000,0.005992220000000,0.006502010000000,0.017026680000000,0.017026680000000,0.008842100000000,0.019185690000000,G,2,2.0000000
57,107,Fixed RTK,06/16/2021 14:08:17,575520.174413189990446,4159872.134529170114547,2.168518730000000,0.004865200000000,0.005945700000000,0.015690000000000,0.015690000000000,0.007682540000000,0.017469910000000,C,0,0.0000000
58,123,Fixed RTK,06/16/2021 14:20:53,575525.007375590037555,4159875.591417280025780,2.293184140000000,0.004313160000000,0.005073210000000,0.011957550000000,0.011957550000000,0.006658890000000,0.013686630000000,C,3,6.0000000
59,20,Fixed RTK,06/15/2021 11:55:31,575655.487066289992072,4160404.566650240216404,2.146140630000000,0.005991840000000,0.006000000000000,0.015819160000000,0.015819160000000,0.008479510000000,0.017948480000000,F,6,30.0000000
60,199,Fixed RTK,06/16/2021 15:20:44,575708.411795930005610,4159941.456238820217550,2.135663540000000,0.004950570000000,0.006423920000000,0.013718840000000,0.013718840000000,0.008110180000000,0.015936800000000,D,5,24.0000000
61,212,Fixed RTK,06/16/2021 15:24:28,575731.121570540009998,4159933.804024979937822,2.017265720000000,0.005414890000000,0.007492330000000,0.015258820000000,0.015258820000000,0.009244250000000,0.017840620000000,D,0,0.0000000
62,153,Fixed RTK,06/16/2021 15:08:29,575731.309047290007584,4159999.151254950091243,2.183054280000000,0.007887450000000,0.011773940000000,0.025225550000000,0.025225550000000,0.014171720000000,0.028933820000000,I,6,30.0000000
63,135,Fixed RTK,06/16/2021 14:28:47,575565.583645600010641,4159938.454969060141593,2.178175470000000,0.012753470000000,0.012777030000000,0.033696440000000,0.033696440000000,0.018052800000000,0.038227650000000,B,7,75.0000000
64,125,Fixed RTK,06/16/2021 14:21:07,575525.001823700033128,4159875.587937579955906,2.295886370000000,0.004261180000000,0.004665900000000,0.011528190000000,0.011528190000000,0.006318880000000,0.013146390000000,C,3,6.0000000
65,36,Fixed RTK,06/15/2021 12:11:10,575618.614979929989204,4160391.883775259833783,2.161616350000000,0.005163970000000,0.006603150000000,0.016297510000000,0.016297510000000,0.008382610000000,0.018326950000000,G,4,12.0000000
66,210,Fixed RTK,06/16/2021 15:24:10,575730.701794510008767,4159933.938103130087256,2.011334860000000,0.003775560000000,0.005204530000000,0.011099410000000,0.011099410000000,0.006429780000000,0.012827270000000,D,1,0.5000000
67,124,Fixed RTK,06/16/2021 14:20:59,575525.008925409987569,4159875.591716350056231,2.294116970000000,0.004728100000000,0.005454730000000,0.012943580000000,0.012943580000000,0.007218650000000,0.014820430000000,C,3,6.0000000
68,159,Fixed RTK,06/16/2021 15:09:37,575749.150868110009469,4159998.358257929794490,2.177360340000000,0.004590710000000,0.006366190000000,0.013321190000000,0.013321190000000,0.007848760000000,0.015461470000000,I,4,12.0000000
69,133,Fixed RTK,06/16/2021 14:28:30,575565.553003599983640,4159938.445122450124472,2.125113680000000,0.008456080000000,0.008518560000000,0.022780020000000,0.022780020000000,0.012002970000000,0.025748800000000,B,7,75.0000000
70,154,Fixed RTK,06/16/2021 15:08:33,575731.313540559960529,4159999.118275799788535,2.184538030000000,0.007737930000000,0.011782470000000,0.025125450000000,0.025125450000000,0.014096180000000,0.028809560000000,I,6,30.0000000
71,118,Fixed RTK,06/16/2021 14:19:37,575539.930280430009589,4159885.243806859944016,2.270342120000000,0.006010460000000,0.006723530000000,0.018120920000000,0.018120920000000,0.009018400000000,0.020241030000000,C,5,24.0000000
72,55,Fixed RTK,06/15/2021 12:27:01,575568.225274230004288,4160453.750312579795718,2.108543140000000,0.004994980000000,0.006026780000000,0.014778310000000,0.014778310000000,0.007827640000000,0.016723340000000,H,4,12.0000000
73,137,Fixed RTK,06/16/2021 14:30:03,575545.541957749985158,4159925.333340900018811,2.203997630000000,0.003797900000000,0.004226880000000,0.011132790000000,0.011132790000000,0.005682480000000,0.012499190000000,B,6,48.0000000
74,54,Fixed RTK,06/15/2021 12:26:11,575563.728649080032483,4160457.671191019937396,2.118076440000000,0.005102570000000,0.006209330000000,0.015661420000000,0.015661420000000,0.008036910000000,0.017603180000000,H,3,6.0000000
75,200,Fixed RTK,06/16/2021 15:21:06,575719.701759760035202,4159937.469851859845221,2.138066860000000,0.006317970000000,0.008608370000000,0.017757240000000,0.017757240000000,0.010678050000000,0.020720530000000,D,4,12.0000000
76,5,Fixed RTK,06/15/2021 11:52:50,575658.780156290042214,4160375.493020089808851,2.199578560000000,0.006889430000000,0.005938410000000,0.015189910000000,0.015189910000000,0.009095550000000,0.017704870000000,F,1,0.5000000
77,2781061513152089,Code RTK,06/15/2021 12:15:21,575620.387404500041157,4160409.882888840045780,1.046585920000000,0.332576070000000,0.384137220000000,0.838052490000000,0.838052490000000,0.508102590000000,0.980051130000000,G,6,30.0000000
78,88,Fixed RTK,06/16/2021 13:53:16,575481.001178800011985,4159934.808241450227797,2.131846800000000,0.004861450000000,0.006330090000000,0.016903230000000,0.016903230000000,0.007981460000000,0.018692860000000,A,0,0.0000000
79,180,Fixed RTK,06/16/2021 15:16:48,575732.152358670020476,4159960.570194129832089,2.146391440000000,0.004984900000000,0.006831610000000,0.014744250000000,0.014744250000000,0.008456960000000,0.016997440000000,E,4,12.0000000
80,122,Fixed RTK,06/16/2021 14:20:36,575530.083778360043652,4159878.957613090053201,2.275377660000000,0.004727060000000,0.005181790000000,0.013324970000000,0.013324970000000,0.007013990000000,0.015058250000000,C,4,12.0000000
81,183,Fixed RTK,06/16/2021 15:17:18,575737.795309260021895,4159958.796581040136516,2.146472600000000,0.004123660000000,0.005686580000000,0.012302020000000,0.012302020000000,0.007024370000000,0.014166200000000,E,3,6.0000000
82,110,Fixed RTK,06/16/2021 14:17:54,575580.849285989999771,4159910.125672790221870,2.224677360000000,0.004263550000000,0.004276300000000,0.012068280000000,0.012068280000000,0.006038590000000,0.013494740000000,C,7,75.0000000
83,203,Fixed RTK,06/16/2021 15:21:44,575725.439434619969688,4159935.458700919989496,2.184407330000000,0.005726640000000,0.007525910000000,0.016551070000000,0.016551070000000,0.009456930000000,0.019062300000000,D,3,6.0000000
84,33,Fixed RTK,06/15/2021 12:10:39,575618.036709759966470,4160385.836846149992198,2.163882420000000,0.005782070000000,0.006540030000000,0.016637740000000,0.016637740000000,0.008729510000000,0.018788800000000,G,3,6.0000000
85,113,Fixed RTK,06/16/2021 14:18:35,575560.362909300019965,4159897.742293870076537,2.242828500000000,0.004529120000000,0.004723670000000,0.012470470000000,0.012470470000000,0.006544160000000,0.014083270000000,C,6,48.0000000
86,150,Fixed RTK,06/16/2021 14:52:29,575731.207668400020339,4159933.792090550065041,2.029449270000000,0.003937500000000,0.005519420000000,0.012863180000000,0.012863180000000,0.006779960000000,0.014540610000000,D,0,0.0000000
87,76,Fixed RTK,06/16/2021 13:50:19,575492.069489569985308,4159940.719739390071481,2.223274040000000,0.010101570000000,0.012595160000000,0.035918250000000,0.035918250000000,0.016145580000000,0.039380200000000,A,4,12.0000000
88,201,Fixed RTK,06/16/2021 15:21:15,575719.704955479945056,4159937.477971709799021,2.144762600000000,0.004682130000000,0.006235820000000,0.012764970000000,0.012764970000000,0.007797940000000,0.014958360000000,D,4,12.0000000
89,165,Fixed RTK,06/16/2021 15:10:36,575759.234801230020821,4159998.264259839896113,1.904711140000000,0.004019850000000,0.005525940000000,0.011871170000000,0.011871170000000,0.006833390000000,0.013697440000000,I,2,2.0000000
90,138,Fixed RTK,06/16/2021 14:30:12,575545.531392500037327,4159925.307826770003885,2.209043950000000,0.004288910000000,0.004776570000000,0.012480770000000,0.012480770000000,0.006419530000000,0.014034950000000,B,6,48.0000000
91,172,Fixed RTK,06/16/2021 15:11:36,575761.177908699959517,4159998.071681370027363,1.906453460000000,0.004151640000000,0.005707760000000,0.012177370000000,0.012177370000000,0.007057950000000,0.014074910000000,I,0,0.0000000
92,81,Fixed RTK,06/16/2021 13:51:55,575486.676864059991203,4159937.952629509847611,2.238958790000000,0.005301240000000,0.006834470000000,0.019305180000000,0.019305180000000,0.008649460000000,0.021154270000000,A,3,6.0000000
93,2,Fixed RTK,06/15/2021 11:52:25,575659.033287269994617,4160374.848648319952190,2.116311560000000,0.009071710000000,0.007174760000000,0.018262810000000,0.018262810000000,0.011566040000000,0.021617200000000,F,0,0.0000000
94,167,Fixed RTK,06/16/2021 15:10:57,575760.741408349946141,4159998.146547549869865,1.963173810000000,0.003898200000000,0.005302210000000,0.011145230000000,0.011145230000000,0.006580990000000,0.012943170000000,I,1,0.5000000
95,132,Fixed RTK,06/16/2021 14:22:22,575520.466306339949369,4159872.467401819769293,2.242536220000000,0.004235170000000,0.004843540000000,0.012805280000000,0.012805280000000,0.006434010000000,0.014330800000000,C,1,0.5000000
96,80,Fixed RTK,06/16/2021 13:51:38,575486.662062730058096,4159937.954887209925801,2.239290570000000,0.006512650000000,0.009190830000000,0.026021790000000,0.026021790000000,0.011264370000000,0.028355240000000,A,3,6.0000000
97,41,Fixed RTK,06/15/2021 12:11:57,575619.716078559984453,4160403.878380630165339,2.091187550000000,0.011318750000000,0.012166900000000,0.026143240000000,0.026143240000000,0.016617690000000,0.030977680000000,G,5,24.0000000
98,7,Fixed RTK,06/15/2021 11:53:07,575658.760123739950359,4160375.469864409882575,2.196143030000000,0.005814360000000,0.005551180000000,0.014397600000000,0.014397600000000,0.008038810000000,0.016489800000000,F,1,0.5000000
99,39,Fixed RTK,06/15/2021 12:11:45,575619.706949920044281,4160403.845816629938781,2.110387850000000,0.006100080000000,0.006730440000000,0.017152340000000,0.017152340000000,0.009083490000000,0.019409080000000,G,5,24.0000000
100,85,Fixed RTK,06/16/2021 13:52:48,575481.443112979992293,4159935.092592579778284,2.164777480000000,0.005247930000000,0.007242090000000,0.017783280000000,0.017783280000000,0.008943640000000,0.019905620000000,A,1,0.5000000
101,170,Fixed RTK,06/16/2021 15:11:22,575761.181134789949283,4159998.057903090026230,1.907701440000000,0.005041070000000,0.007196240000000,0.015120880000000,0.015120880000000,0.008786260000000,0.017488270000000,I,0,0.0000000
102,52,Fixed RTK,06/15/2021 12:25:56,575563.724068399984390,4160457.681463850196451,2.119994440000000,0.004702500000000,0.005682860000000,0.013846200000000,0.013846200000000,0.007376200000000,0.015688390000000,H,3,6.0000000
103,53,Fixed RTK,06/15/2021 12:26:03,575563.715767389978282,4160457.663921319879591,2.113626740000000,0.006178140000000,0.007542030000000,0.019082830000000,0.019082830000000,0.009749450000000,0.021429100000000,H,3,6.0000000
104,48,Fixed RTK,06/15/2021 12:25:12,575559.226307080010884,4160461.612684550229460,2.175856050000000,0.006458020000000,0.007805610000000,0.019906150000000,0.019906150000000,0.010130820000000,0.022335810000000,H,1,0.5000000
105,211,Fixed RTK,06/16/2021 15:24:18,575730.702547820052132,4159933.936192560009658,2.010588870000000,0.003704040000000,0.005137680000000,0.010828400000000,0.010828400000000,0.006333690000000,0.012544710000000,D,1,0.5000000
106,160,Fixed RTK,06/16/2021 15:09:45,575749.172186419949867,4159998.352309389971197,2.178642150000000,0.004190460000000,0.005943640000000,0.012166810000000,0.012166810000000,0.007272330000000,0.014174550000000,I,4,12.0000000
107,12,Fixed RTK,06/15/2021 11:54:02,575657.792903049965389,4160380.923981000203639,2.225890320000000,0.005715230000000,0.005683580000000,0.015184450000000,0.015184450000000,0.008060200000000,0.017191110000000,F,3,6.0000000
108,126,Fixed RTK,06/16/2021 14:21:15,575525.003324180026539,4159875.578865880146623,2.293299390000000,0.004314800000000,0.004997060000000,0.011855660000000,0.011855660000000,0.006602130000000,0.013569990000000,C,3,6.0000000
109,214,Fixed RTK,06/16/2021 15:24:43,575731.145426330040209,4159933.797919809818268,2.023034250000000,0.004194890000000,0.005802320000000,0.012264970000000,0.012264970000000,0.007159890000000,0.014201890000000,D,0,0.0000000
110,142,Fixed RTK,06/16/2021 14:32:09,575525.241875880048610,4159912.909160569775850,2.238335270000000,0.004397770000000,0.005096680000000,0.012207170000000,0.012207170000000,0.006731760000000,0.013940290000000,B,5,24.0000000
111,114,Fixed RTK,06/16/2021 14:18:43,575560.346560150035657,4159897.736992469988763,2.243286120000000,0.004233600000000,0.004593800000000,0.011764780000000,0.011764780000000,0.006247110000000,0.013320530000000,C,6,48.0000000
112,149,Fixed RTK,06/16/2021 14:52:22,575731.210481690010056,4159933.797353339847177,2.031085810000000,0.004182190000000,0.005484990000000,0.012615230000000,0.012615230000000,0.006897530000000,0.014377760000000,D,0,0.0000000
113,129,Fixed RTK,06/16/2021 14:21:43,575521.826971690054052,4159873.216845760121942,2.286294650000000,0.004383920000000,0.004873310000000,0.012897450000000,0.012897450000000,0.006555000000000,0.014467620000000,C,2,2.0000000
114,141,Fixed RTK,06/16/2021 14:32:03,575525.247531470027752,4159912.903411970008165,2.241254200000000,0.003908270000000,0.004526950000000,0.010894590000000,0.010894590000000,0.005980620000000,0.012428190000000,B,5,24.0000000
115,65,Fixed RTK,06/16/2021 13:47:52,575544.438180550001562,4159969.649612879846245,2.135817850000000,0.004470250000000,0.006001370000000,0.018182950000000,0.018182950000000,0.007483280000000,0.019662640000000,A,7,75.0000000
116,161,Fixed RTK,06/16/2021 15:09:59,575755.235578319989145,4159998.288367920089513,2.182365950000000,0.004251790000000,0.005867020000000,0.012433140000000,0.012433140000000,0.007245660000000,0.014390360000000,I,3,6.0000000
117,131,Fixed RTK,06/16/2021 14:22:16,575520.462073369999416,4159872.477116750087589,2.245514860000000,0.004592810000000,0.005291750000000,0.013885290000000,0.013885290000000,0.007006890000000,0.015553060000000,C,1,0.5000000
118,4,Fixed RTK,06/15/2021 11:52:38,575659.037391779944301,4160374.840075649786741,2.121819620000000,0.008090920000000,0.006815550000000,0.017657440000000,0.017657440000000,0.010578980000000,0.020583970000000,F,0,0.0000000
119,145,Fixed RTK,06/16/2021 14:32:58,575514.762924480019137,4159907.098259210120887,2.255657130000000,0.004300170000000,0.004519720000000,0.012080740000000,0.012080740000000,0.006238530000000,0.013596460000000,B,4,12.0000000
120,151,Fixed RTK,06/16/2021 14:52:35,575731.205012809950858,4159933.796940870117396,2.027311080000000,0.004053190000000,0.005749010000000,0.013370530000000,0.013370530000000,0.007034170000000,0.015107970000000,D,0,0.0000000
121,44,Fixed RTK,06/15/2021 12:17:58,575620.215008880011737,4160409.707016789820045,2.096065120000000,0.005281830000000,0.006004290000000,0.015267440000000,0.015267440000000,0.007996830000000,0.017234960000000,G,6,30.0000000
122,179,Fixed RTK,06/16/2021 15:16:31,575732.110719340038486,4159960.574126780033112,2.149472360000000,0.004582740000000,0.006222840000000,0.013689290000000,0.013689290000000,0.007728210000000,0.015720110000000,E,4,12.0000000
123,24,Fixed RTK,06/15/2021 12:08:25,575617.476646699942648,4160379.869806840084493,1.884898320000000,0.013126670000000,0.013590910000000,0.038342360000000,0.038342360000000,0.018895030000000,0.042745280000000,G,0,0.0000000
124,155,Fixed RTK,06/16/2021 15:08:56,575737.256746100028977,4159998.730852600187063,2.150284910000000,0.007747880000000,0.010461400000000,0.022756810000000,0.022756810000000,0.013018090000000,0.026217230000000,I,5,24.0000000
125,193,Fixed RTK,06/16/2021 15:18:51,575743.568671340006404,4159957.217373880092055,2.040093300000000,0.005069790000000,0.006733490000000,0.014884590000000,0.014884590000000,0.008428680000000,0.017105370000000,E,0,0.0000000
126,178,Fixed RTK,06/16/2021 15:16:04,575720.634256049990654,4159963.918399299960583,2.141780780000000,0.004110840000000,0.005494640000000,0.012234860000000,0.012234860000000,0.006862220000000,0.014027890000000,E,5,24.0000000
127,32,Fixed RTK,06/15/2021 12:10:25,575617.689099299954250,4160381.911030400078744,2.202944960000000,0.005476090000000,0.005694520000000,0.015281220000000,0.015281220000000,0.007900320000000,0.017202640000000,G,2,2.0000000
128,75,Fixed RTK,06/16/2021 13:50:10,575492.065930960001424,4159940.712497199885547,2.248957860000000,0.007305160000000,0.009139600000000,0.025835690000000,0.025835690000000,0.011700330000000,0.028361600000000,A,4,12.0000000
129,121,Fixed RTK,06/16/2021 14:20:29,575530.088941380032338,4159878.951993769966066,2.276516360000000,0.003950280000000,0.004318400000000,0.011106130000000,0.011106130000000,0.005852630000000,0.012553860000000,C,4,12.0000000
130,63,Fixed RTK,06/15/2021 12:28:18,575581.859731659991667,4160441.842444810084999,2.083645780000000,0.004970320000000,0.006018020000000,0.014955380000000,0.014955380000000,0.007805170000000,0.016869620000000,H,6,30.0000000
131,62,Fixed RTK,06/15/2021 12:28:10,575581.860436260001734,4160441.829824670217931,2.087454100000000,0.004930560000000,0.006060780000000,0.015443750000000,0.015443750000000,0.007813030000000,0.017307600000000,H,6,30.0000000
132,10,Fixed RTK,06/15/2021 11:53:38,575658.398960420046933,4160376.848507590126246,2.261750860000000,0.005216660000000,0.004991130000000,0.013294390000000,0.013294390000000,0.007219760000000,0.015128310000000,F,2,2.0000000
133,68,Fixed RTK,06/16/2021 13:48:36,575523.468412789981812,4159958.158095519989729,2.176611310000000,0.004264640000000,0.006248260000000,0.017970760000000,0.017970760000000,0.007564920000000,0.019498110000000,A,6,48.0000000
134,130,Fixed RTK,06/16/2021 14:22:01,575520.456385749974288,4159872.465262239798903,2.243342750000000,0.004460590000000,0.005002030000000,0.013385050000000,0.013385050000000,0.006702030000000,0.014969190000000,C,1,0.5000000
135,72,Fixed RTK,06/16/2021 13:49:36,575502.475534789962694,4159946.634509299881756,2.220993140000000,0.004492900000000,0.006469290000000,0.018265810000000,0.018265810000000,0.007876410000000,0.019891650000000,A,5,24.0000000
136,146,Fixed RTK,06/16/2021 14:33:07,575514.742597340024076,4159907.089706849772483,2.258800960000000,0.004558410000000,0.004711770000000,0.012715210000000,0.012715210000000,0.006555910000000,0.014305820000000,B,4,12.0000000
137,56,Fixed RTK,06/15/2021 12:27:08,575568.226650230004452,4160453.742984619922936,2.114196400000000,0.005159740000000,0.006233490000000,0.014519680000000,0.014519680000000,0.008091930000000,0.016622290000000,H,4,12.0000000
138,69,Fixed RTK,06/16/2021 13:48:59,575523.477981179952621,4159958.168264150153846,2.175694510000000,0.004090240000000,0.006001770000000,0.017113280000000,0.017113280000000,0.007263010000000,0.018590740000000,A,6,48.0000000
139,3,Fixed RTK,06/15/2021 11:52:32,575659.041344149969518,4160374.850154339801520,2.116189320000000,0.008394010000000,0.006956500000000,0.017900490000000,0.017900490000000,0.010901940000000,0.020959010000000,F,0,0.0000000
140,45,Fixed RTK,06/15/2021 12:18:05,575620.210551040014252,4160409.701519310008734,2.098235500000000,0.004846210000000,0.005656690000000,0.014016330000000,0.014016330000000,0.007448750000000,0.015872660000000,G,6,30.0000000
141,186,Fixed RTK,06/16/2021 15:17:46,575741.633447299944237,4159957.781635220162570,2.092721190000000,0.004149980000000,0.005723010000000,0.012185210000000,0.012185210000000,0.007069320000000,0.014087390000000,E,2,2.0000000
142,147,Fixed RTK,06/16/2021 14:33:22,575509.573773170006461,4159904.399990819860250,2.305366210000000,0.005207740000000,0.005592610000000,0.014449200000000,0.014449200000000,0.007641850000000,0.016345560000000,B,3,6.0000000
143,66,Fixed RTK,06/16/2021 13:47:59,575544.445926230051555,4159969.657736250199378,2.135296360000000,0.004694670000000,0.006517390000000,0.019826450000000,0.019826450000000,0.008032200000000,0.021391690000000,A,7,75.0000000
144,90,Fixed RTK,06/16/2021 13:53:29,575480.999481540056877,4159934.787247150205076,2.126292190000000,0.005554600000000,0.007396230000000,0.019291340000000,0.019291340000000,0.009249750000000,0.021394240000000,A,0,0.0000000
145,127,Fixed RTK,06/16/2021 14:21:29,575521.804270299966447,4159873.214581029955298,2.281540130000000,0.003768520000000,0.004182080000000,0.011171670000000,0.011171670000000,0.005629530000000,0.012509910000000,C,2,2.0000000
146,185,Fixed RTK,06/16/2021 15:17:38,575741.655700549948961,4159957.798476209864020,2.099279120000000,0.005844230000000,0.008050990000000,0.017183780000000,0.017183780000000,0.009948540000000,0.019855880000000,E,2,2.0000000
147,196,Fixed RTK,06/16/2021 15:20:12,575702.434894429985434,4159943.371916919946671,2.132175300000000,0.004233990000000,0.005540670000000,0.012472620000000,0.012472620000000,0.006973210000000,0.014289570000000,D,6,30.0000000
148,162,Fixed RTK,06/16/2021 15:10:06,575755.266214760020375,4159998.299407649785280,2.174778980000000,0.004103960000000,0.005674580000000,0.011983980000000,0.011983980000000,0.007003090000000,0.013880170000000,I,3,6.0000000
149,152,Fixed RTK,06/16/2021 15:08:26,575731.297393889981322,4159999.128256110008806,2.187017250000000,0.007549100000000,0.011118400000000,0.023757590000000,0.023757590000000,0.013439030000000,0.027295250000000,I,6,30.0000000
150,182,Fixed RTK,06/16/2021 15:17:10,575737.777272209990770,4159958.804493580013514,2.147614820000000,0.004198100000000,0.005772910000000,0.012543760000000,0.012543760000000,0.007137970000000,0.014432480000000,E,3,6.0000000
151,60,Fixed RTK,06/15/2021 12:27:48,575577.319279649993405,4160445.745735580101609,2.094669270000000,0.005704520000000,0.007111760000000,0.018097420000000,0.018097420000000,0.009116940000000,0.020264130000000,H,5,24.0000000
152,84,Fixed RTK,06/16/2021 13:52:36,575483.010470369947143,4159936.201965889893472,2.318971060000000,0.003927210000000,0.005141490000000,0.013061100000000,0.013061100000000,0.006469770000000,0.014575670000000,A,2,2.0000000
153,108,Fixed RTK,06/16/2021 14:08:24,575520.183202989981510,4159872.122377079911530,2.171405560000000,0.004192620000000,0.005805960000000,0.013432210000000,0.013432210000000,0.007161510000000,0.015222070000000,C,0,0.0000000
154,168,Fixed RTK,06/16/2021 15:11:05,575760.733293369994499,4159998.164583600126207,1.971944300000000,0.003664770000000,0.005125890000000,0.010522660000000,0.010522660000000,0.006301210000000,0.012265060000000,I,1,0.5000000
155,49,Fixed RTK,06/15/2021 12:25:23,575560.719699069974013,4160460.319545520003885,2.145907170000000,0.004964730000000,0.005779630000000,0.015077760000000,0.015077760000000,0.007619230000000,0.016893540000000,H,2,2.0000000
156,59,Fixed RTK,06/15/2021 12:27:41,575577.313779280055314,4160445.749914770014584,2.100945620000000,0.004657320000000,0.005651250000000,0.013906700000000,0.013906700000000,0.007323070000000,0.015716980000000,H,5,24.0000000
157,156,Fixed RTK,06/16/2021 15:09:02,575737.265526239993051,4159998.719374720007181,2.160945170000000,0.004446330000000,0.006062180000000,0.012959000000000,0.012959000000000,0.007517970000000,0.014981840000000,I,5,24.0000000
158,40,Fixed RTK,06/15/2021 12:11:53,575619.686743650003336,4160403.874477469827980,2.098603110000000,0.009057260000000,0.009809710000000,0.021671500000000,0.021671500000000,0.013351560000000,0.025454240000000,G,5,24.0000000
159,134,Fixed RTK,06/16/2021 14:28:43,575565.563481900026090,4159938.467217389959842,2.151034970000000,0.008221160000000,0.008224150000000,0.021559930000000,0.021559930000000,0.011628590000000,0.024496010000000,B,7,75.0000000
160,140,Fixed RTK,06/16/2021 14:31:55,575525.224097589962184,4159912.901930519845337,2.243743740000000,0.003977620000000,0.004526380000000,0.010693310000000,0.010693310000000,0.006025740000000,0.012274210000000,B,5,24.0000000
161,83,Fixed RTK,06/16/2021 13:52:28,575483.016447879956104,4159936.187345809768885,2.315943960000000,0.003773490000000,0.004904000000000,0.012504220000000,0.012504220000000,0.006187770000000,0.013951490000000,A,2,2.0000000
162,192,Fixed RTK,06/16/2021 15:18:39,575743.578111169976182,4159957.226684479974210,2.038202220000000,0.004962400000000,0.006625220000000,0.014575200000000,0.014575200000000,0.008277620000000,0.016761720000000,E,0,0.0000000
163,73,Fixed RTK,06/16/2021 13:49:43,575502.475922000012361,4159946.630991099867970,2.218849400000000,0.004352720000000,0.006186960000000,0.017211980000000,0.017211980000000,0.007564700000000,0.018800990000000,A,5,24.0000000
164,50,Fixed RTK,06/15/2021 12:25:30,575560.723704169970006,4160460.314753090031445,2.146519260000000,0.004950710000000,0.005741370000000,0.014747210000000,0.014747210000000,0.007581080000000,0.016581710000000,H,2,2.0000000
165,19,Fixed RTK,06/15/2021 11:55:16,575655.848060330026783,4160398.628968370147049,2.135658540000000,0.005622920000000,0.005577190000000,0.014992400000000,0.014992400000000,0.007919740000000,0.016955660000000,F,5,24.0000000
166,37,Fixed RTK,06/15/2021 12:11:19,575618.633868069970049,4160391.880464849993587,2.159145500000000,0.005131590000000,0.006523400000000,0.016325480000000,0.016325480000000,0.008299880000000,0.018314190000000,G,4,12.0000000
167,136,Fixed RTK,06/16/2021 14:29:36,575565.533793429960497,4159938.432262320071459,2.136309100000000,0.004521880000000,0.004761040000000,0.012340190000000,0.012340190000000,0.006566200000000,0.013978380000000,B,7,75.0000000
168,111,Fixed RTK,06/16/2021 14:18:01,575580.877179760020226,4159910.127216349821538,2.226889010000000,0.004133710000000,0.004383080000000,0.011917000000000,0.011917000000000,0.006024860000000,0.013353420000000,C,7,75.0000000
169,184,Fixed RTK,06/16/2021 15:17:24,575737.781641480047256,4159958.789045909885317,2.152014910000000,0.004107300000000,0.005649140000000,0.012203890000000,0.012203890000000,0.006984460000000,0.014061210000000,E,3,6.0000000
170,11,Fixed RTK,06/15/2021 11:53:53,575657.788707709987648,4160380.901193379890174,2.223943600000000,0.006297340000000,0.005909010000000,0.016339720000000,0.016339720000000,0.008635560000000,0.018481330000000,F,3,6.0000000
171,8,Fixed RTK,06/15/2021 11:53:24,575658.386423720046878,4160376.842689679935575,2.254902180000000,0.005255370000000,0.005144620000000,0.013277340000000,0.013277340000000,0.007354320000000,0.015178070000000,F,2,2.0000000
172,157,Fixed RTK,06/16/2021 15:09:09,575737.257477610022761,4159998.731150509789586,2.161456430000000,0.004442790000000,0.005985860000000,0.012877340000000,0.012877340000000,0.007454460000000,0.014879350000000,I,5,24.0000000
173,120,Fixed RTK,06/16/2021 14:20:22,575530.067349430057220,4159878.967224759981036,2.276222300000000,0.004637010000000,0.004941420000000,0.012663130000000,0.012663130000000,0.006776390000000,0.014362260000000,C,4,12.0000000
174,115,Fixed RTK,06/16/2021 14:18:50,575560.355899729998782,4159897.735453819856048,2.244920690000000,0.004220760000000,0.004566270000000,0.011601240000000,0.011601240000000,0.006218170000000,0.013162610000000,C,6,48.0000000
175,64,Fixed RTK,06/16/2021 13:47:46,575544.439409830025397,4159969.647763189859688,2.135070790000000,0.004528760000000,0.006508960000000,0.019056860000000,0.019056860000000,0.007929450000000,0.020640740000000,A,7,75.0000000
176,35,Fixed RTK,06/15/2021 12:10:54,575618.034461159957573,4160385.831017550081015,2.172165090000000,0.004629490000000,0.005449570000000,0.014102530000000,0.014102530000000,0.007150520000000,0.015811750000000,G,3,6.0000000
177,181,Fixed RTK,06/16/2021 15:16:55,575732.147596769966185,4159960.546114219818264,2.149089170000000,0.005498480000000,0.007559840000000,0.016200500000000,0.016200500000000,0.009347970000000,0.018704030000000,E,4,12.0000000
178,47,Fixed RTK,06/15/2021 12:25:05,575559.232676989980973,4160461.611056800000370,2.175910470000000,0.005073380000000,0.006115770000000,0.015451350000000,0.015451350000000,0.007946190000000,0.017374870000000,H,1,0.5000000
179,191,Fixed RTK,06/16/2021 15:18:31,575743.566169500001706,4159957.212806430179626,2.041790980000000,0.003720880000000,0.005047010000000,0.011015180000000,0.011015180000000,0.006270350000000,0.012674830000000,E,0,0.0000000
180,171,Fixed RTK,06/16/2021 15:11:29,575761.179018829949200,4159998.059694789815694,1.905284860000000,0.004634970000000,0.006332950000000,0.013715520000000,0.013715520000000,0.007847880000000,0.015802050000000,I,0,0.0000000
181,213,Fixed RTK,06/16/2021 15:24:35,575731.145093420054764,4159933.789585920050740,2.021833820000000,0.004164480000000,0.005882190000000,0.012174710000000,0.012174710000000,0.007207150000000,0.014148030000000,D,0,0.0000000
182,169,Fixed RTK,06/16/2021 15:11:11,575760.719947490026243,4159998.171693520154804,1.968893020000000,0.004215560000000,0.005891990000000,0.011998050000000,0.011998050000000,0.007244750000000,0.014015690000000,I,1,0.5000000
183,106,Fixed RTK,06/16/2021 14:04:11,575509.679155039950274,4159904.064593730028719,2.300341900000000,0.005814500000000,0.006387690000000,0.017093110000000,0.017093110000000,0.008637770000000,0.019151640000000,B,3,6.0000000
184,117,Fixed RTK,06/16/2021 14:19:28,575539.965773129952140,4159885.240132589824498,2.266729880000000,0.004445510000000,0.005161440000000,0.013540650000000,0.013540650000000,0.006811980000000,0.015157580000000,C,5,24.0000000
185,57,Fixed RTK,06/15/2021 12:27:16,575568.226382390013896,4160453.744973280001432,2.110015210000000,0.004889580000000,0.005996730000000,0.013822270000000,0.013822270000000,0.007737490000000,0.015840570000000,H,4,12.0000000
186,13,Fixed RTK,06/15/2021 11:54:08,575657.794936159974895,4160380.900497800204903,2.223119400000000,0.005593390000000,0.005597460000000,0.014671270000000,0.014671270000000,0.007913120000000,0.016669240000000,F,3,6.0000000
187,9,Fixed RTK,06/15/2021 11:53:32,575658.393328779959120,4160376.853553129825741,2.257540530000000,0.005192590000000,0.005267980000000,0.013295450000000,0.013295450000000,0.007396930000000,0.015214590000000,F,2,2.0000000
188,195,Fixed RTK,06/16/2021 15:20:05,575702.439866619999520,4159943.362736859824508,2.132912260000000,0.004252010000000,0.005453920000000,0.012066760000000,0.012066760000000,0.006915550000000,0.013907970000000,D,6,30.0000000
189,86,Fixed RTK,06/16/2021 13:52:56,575481.457155560026877,4159935.078952259849757,2.162625550000000,0.004176990000000,0.005822250000000,0.013765660000000,0.013765660000000,0.007165610000000,0.015519000000000,A,1,0.5000000
190,128,Fixed RTK,06/16/2021 14:21:36,575521.817985279951245,4159873.202534960117191,2.284040040000000,0.004465990000000,0.005029940000000,0.012872480000000,0.012872480000000,0.006726470000000,0.014523980000000,C,2,2.0000000
191,205,Fixed RTK,06/16/2021 15:21:59,575725.452720070024952,4159935.443635359872133,2.183253430000000,0.003542810000000,0.004890830000000,0.010286970000000,0.010286970000000,0.006039180000000,0.011928680000000,D,3,6.0000000
192,16,Fixed RTK,06/15/2021 11:54:44,575656.914368410012685,4160386.793043210171163,2.181281600000000,0.006204470000000,0.005757140000000,0.015840260000000,0.015840260000000,0.008464040000000,0.017959780000000,F,4,12.0000000
193,189,Fixed RTK,06/16/2021 15:18:12,575743.108394209994003,4159957.344985280185938,2.070049580000000,0.005379870000000,0.007115430000000,0.015949660000000,0.015949660000000,0.008920340000000,0.018274680000000,E,1,0.5000000
194,29,Fixed RTK,06/15/2021 12:09:43,575617.525799290044233,4160380.388139849994332,1.942889990000000,0.005377160000000,0.005784520000000,0.015927920000000,0.015927920000000,0.007897750000000,0.017778450000000,G,1,0.5000000
195,43,Fixed RTK,06/15/2021 12:17:52,575620.209816299960949,4160409.703520330134779,2.088631110000000,0.005836090000000,0.006496200000000,0.017077460000000,0.017077460000000,0.008732720000000,0.019180730000000,G,6,30.0000000
196,34,Fixed RTK,06/15/2021 12:10:47,575618.039868950028904,4160385.833340859971941,2.172339810000000,0.004835060000000,0.005624760000000,0.014509960000000,0.014509960000000,0.007417260000000,0.016295850000000,G,3,6.0000000